Bigrams,TF-IDF Values
ect ect ect,55
new world order,87
soros soros soros,5
open society foundation,21
world economic forum,151
th place world,22
soros george soros,25
deep state plan,4
paradise george soros,0
hunter biden laptop,15
alliance lobby coalition,0
lobby coalition financial,0
stateless alliance lobby,0
free trade commission,8
george soros george,14
soros open society,59
brussels europe nation,0
coalition financial paradise,0
europe nation stateless,0
financial paradise george,0
nation stateless alliance,0
hispanic radio station,0
biden laptop story,11
negative interest rate,0
dont want dont,0
musk george soros,1
elon musk george,4
amazon blackrock pfizer,7
ceo amazon blackrock,8
gate foundation soros,8
follow white rabbit,3
blackrock pfizer official,7
foundation soros network,7
official gate foundation,8
pfizer official gate,7
white rabbit operation,3
chris ceo amazon,7
director chris ceo,7
fbi director chris,8
jewish israeli kike,5
soros network publisher,3
problem country problem,0
huge elon musk,1
publisher new york,3
like fbi director,3
network publisher new,3
george soros open,22
open society satellite,23
society satellite office,23
le lapin blanc,0
attachment view attachment,96
view attachment view,95
schwab george soros,67
klaus schwab george,63
biden crime family,49
george soros world,44
soros world economic,43
soros schwab wef,40
gaylord obama mafia,34
obama mafia brat,34
citizen tax money,32
tax money coup,32
interest citizen tax,31
ukraine interest citizen,31
soros klaus schwab,29
trump trump trump,28
view attachment click,27
rothschild central bank,25
george soros medium,25
furfag tranny kike,24
kike furfag tranny,23
tranny kike furfag,23
george soros schwab,23
george soros nazi,22
george soros soros,20
